{
  "runtimeOptions": {
    "tfm": "net8.0",
    "frameworks": [
      {
        "name": "Microsoft.NETCore.App",
        "version": "8.0.0"
      },
      {
        "name": "Microsoft.Android",
        "version": ""
      }
    ],
    "configProperties": {
      "Microsoft.Extensions.DependencyInjection.VerifyOpenGenericServiceTrimmability": true,
      "System.AggressiveAttributeTrimming": true,
      "System.Diagnostics.Tracing.EventSource.IsSupported": false,
      "System.Globalization.Invariant": false,
      "System.Net.Http.EnableActivityPropagation": false,
      "System.Net.Http.UseNativeHttpHandler": true,
      "System.Reflection.NullabilityInfoContext.IsSupported": false,
      "System.Runtime.InteropServices.BuiltInComInterop.IsSupported": false,
      "System.Runtime.Serialization.EnableUnsafeBinaryFormatterSerialization": false,
      "System.StartupHookProvider.IsSupported": false,
      "System.Text.Encoding.EnableUnsafeUTF7Encoding": false,
      "System.Text.Json.JsonSerializer.IsReflectionEnabledByDefault": true,
      "Xamarin.Android.Net.UseNegotiateAuthentication": false,
      "Switch.System.Reflection.ForceInterpretedInvoke": true,
      "Microsoft.Extensions.DependencyInjection.DisableDynamicEngine": true,
      "System.Diagnostics.Metrics.Meter.IsSupported": false
    }
  }
}